{
  "unstructured": {
    "baseline": {
      "sparsity": 0.0,
      "iou": 0.7971607446670532,
      "dice": 0.8609118910630544,
      "size_mb": 17.514052,
      "gpu_ms": 10.578460159301757
    },
    "unstruct_20pct": {
      "sparsity": 0.1983,
      "iou": 0.8149,
      "dice": 0.8752,
      "size_mb": 17.51,
      "gpu_ms": 11.11,
      "iou_drop": -0.0177
    },
    "unstruct_40pct": {
      "sparsity": 0.3965,
      "iou": 0.8123,
      "dice": 0.8734,
      "size_mb": 17.51,
      "gpu_ms": 10.83,
      "iou_drop": -0.0151
    },
    "unstruct_60pct": {
      "sparsity": 0.5948,
      "iou": 0.812,
      "dice": 0.8731,
      "size_mb": 17.51,
      "gpu_ms": 10.2,
      "iou_drop": -0.0148
    },
    "unstruct_70pct": {
      "sparsity": 0.6939,
      "iou": 0.8093,
      "dice": 0.871,
      "size_mb": 17.51,
      "gpu_ms": 10.15,
      "iou_drop": -0.0121
    }
  },
  "structured": {
    "baseline": {
      "sparsity": 0.0,
      "iou": 0.7971607446670532,
      "dice": 0.8609118910630544,
      "size_mb": 17.514052,
      "gpu_ms": 10.578460159301757
    },
    "struct_20pct": {
      "ratio": 0.2,
      "iou": 0.8016,
      "dice": 0.8636,
      "params_before": 4.38,
      "params_after": 2.9,
      "size_mb": 11.59,
      "gpu_ms": 8.63,
      "iou_drop": -0.0044,
      "param_reduction_pct": 33.8

    }
  }
}